"","X","total_cases","year","week_of_year","ndvi_ne","ndvi_nw","ndvi_se","ndvi_sw","precipitation_amt_mm","precip_lag","station_avg_temp_c","temp_lag","reanalysis_relative_humidity_percent","humidity_lag"
"1",1,0,2000,37,0.2846571,0.3097571,0.3878833,0.3281571,34.62,25.41,27.425,26.4,71.66,92.4185714286
"2",2,0,2000,38,0.3488143,0.2957167,0.4048429,0.2425714,97.55,60.61,27.5333333333,26.9,77.4871428571,93.5814285714
"3",3,0,2000,39,0.1756857,0.09948333,0.2257143,0.1827857,95.89,55.52,27.15,26.8,71.4628571429,95.8485714286
"4",4,0,2000,40,0.33754,0.2769429,0.2775,0.25505,46.22,5.6,26.7,25.7666666667,82.3714285714,87.2342857143
"5",5,1,2000,41,0.2235333,0.1339143,0.3498,0.1009167,31.1,62.76,27.6571428571,26.6,81.5228571429,88.1614285714
"6",6,1,2000,42,0.2748,0.1870571,0.3739429,0.2794714,25.21,16.24,27.775,25.34,75.54,74.7285714286
"7",7,0,2000,43,0.3673,0.30555,0.45538,0.3258,49.25,89.37,28,27.0166666667,76.9414285714,83.2757142857
"8",8,0,2000,44,0.2951,0.21152,0.3044,0.2796167,67.64,42.08,27.6,26.5833333333,79.4285714286,82.49
"9",9,0,2000,45,0.2713667,0.1515667,0.34725,0.2318667,51.83,49.22,28.175,26.9,74.8028571429,74.74
"10",10,0,2000,46,0.09993333,0.03586,0.1954857,0.06418333,39.25,53.65,29.025,27.1166666667,67.1857142857,74.1514285714
"11",11,0,2000,47,0.1699833,0.2893,0.3009833,0.1709167,55.91,23.12,27.7,28.3666666667,66.0428571429,57.7871428571
"12",12,0,2000,48,0.2519714,0.2538,0.3235143,0.3191,20.65,34.62,27.05,27.425,78.8857142857,71.66
"13",13,0,2000,49,0.1658333,0.1824143,0.2545667,0.18625,24.53,97.55,28,27.5333333333,68.5571428571,77.4871428571
"14",14,1,2000,50,0.3387857,0.3168286,0.3503429,0.2977,111.06,95.89,26.6166666667,27.15,80.4085714286,71.4628571429
"15",15,0,2000,51,0.2650143,0.1690571,0.2348667,0.3022429,3.9,46.22,28.2,26.7,60.6414285714,82.3714285714
"16",16,0,2001,1,0.2547143,0.2285286,0.2505857,0.287,59.11,31.1,27.3333333333,27.6571428571,94.9557142857,81.5228571429
"17",17,0,2001,2,0.3021333,0.2035167,0.2674333,0.274,69.85,25.21,27,27.775,82.3471428571,75.54
"18",18,0,2001,3,0.1747571,0.1033167,0.2582429,0.1767286,149.71,49.25,27.05,28,84.1757142857,76.9414285714
"19",19,0,2001,4,0.2376,0.1912667,0.1258571,0.2314429,50.02,67.64,25.7166666667,27.6,94.0571428571,79.4285714286
"20",20,0,2001,5,0.3415,0.2606667,0.3293857,0.3690714,87.18,51.83,26.4333333333,28.175,95.4071428571,74.8028571429
"21",21,0,2001,6,0.2335857,0.161,0.1966143,0.2267,31.93,39.25,27.35,29.025,89.08,67.1857142857
"22",22,0,2001,7,0.1554143,0.1350167,0.1485286,0.1571,66.84,55.91,26.3,27.7,94.8842857143,66.0428571429
"23",23,0,2001,8,0.1353714,0.0823,0.1297571,0.1840429,16.17,20.65,26.9333333333,27.05,92.8428571429,78.8857142857
"24",24,0,2001,9,0.30764,0.2282167,0.2245,0.2912833,47.14,24.53,26.56,28,93.3142857143,68.5571428571
"25",25,0,2001,10,0.1820429,0.289,0.2068714,0.2063286,118.07,111.06,27.2,26.6166666667,94.0928571429,80.4085714286
"26",26,0,2001,11,0.2053833,0.1769,0.2063571,0.2041286,74.34,3.9,27.05,28.2,94.0942857143,60.6414285714
"27",27,0,2001,13,0.16238,0.1508167,0.09465714,0.1322571,94.06,59.11,27.05,27.3333333333,95.9242857143,94.9557142857
"28",28,0,2001,14,0.2678143,0.3126429,0.2615,0.2584,86.46,69.85,27.16,27,96.7371428571,82.3471428571
"29",29,0,2001,15,0.3827571,0.3709714,0.3438857,0.3762714,80.82,149.71,26.46,27.05,94.6028571429,84.1757142857
"30",30,1,2001,16,0.3125429,0.2822143,0.2621286,0.4074857,77.73,50.02,27.34,25.7166666667,94.6157142857,94.0571428571
"31",31,0,2001,17,0.2456143,0.2148429,0.2733714,0.2288,78.01,87.18,27.6333333333,26.4333333333,88.1485714286,95.4071428571
"32",32,0,2001,18,0.2540143,0.179,0.3128286,0.2625571,94.77,31.93,27.625,27.35,92.1928571429,89.08
"33",33,0,2001,19,0.2664571,0.1886,0.1962,0.2273286,45.56,66.84,26.6,26.3,95.82,94.8842857143
"34",34,0,2001,20,0.3153429,0.31965,0.2627,0.3034857,74.08,16.17,27.6435321795765,26.9333333333,98.3414285714,92.8428571429
"35",35,1,2001,21,0.2985857,0.3796667,0.1842429,0.2685286,70.81,47.14,27.4333333333,26.56,94.71,93.3142857143
"36",36,1,2001,22,0.2999429,0.3029429,0.3187143,0.3874429,90.07,118.07,27.25,27.2,91.4657142857,94.0928571429
"37",37,0,2001,23,0.3635667,0.1819143,0.2539714,0.2467286,126.46,74.34,26.8666666667,27.05,89.4871428571,94.0942857143
"38",38,0,2001,24,0.3170833,0.2989667,0.2198714,0.2173429,47.13,90.35,26.88,27.4333333333,94.0171428571,82.8014285714
"39",39,1,2001,25,0.1041,0.1082429,0.05965714,0.1137571,53.93,94.06,26.4,27.05,88.1714285714,95.9242857143
"40",40,0,2001,26,0.1923,0.2752857,0.3164571,0.3254143,1.22,86.46,27.7849998320963,27.16,79.3228571429,96.7371428571
"41",41,0,2001,27,0.2290833,0.1932667,0.2704571,0.2421857,52.1,80.82,26.5,26.46,84.8571428571,94.6028571429
"42",42,0,2001,28,0.3597167,0.3110571,0.2649857,0.4388429,39.09,77.73,27.35,27.34,88.3228571429,94.6157142857
"43",43,0,2001,29,0.3195,0.2050857,0.1947429,0.3616333,52.05,78.01,26.7666666667,27.6333333333,84.2457142857,88.1485714286
"44",44,0,2001,30,0.2911571,0.2526333,0.2182,0.3259857,54.52,94.77,27.3666666667,27.625,90.8142857143,92.1928571429
"45",45,0,2001,31,0.2371167,0.1956167,0.1883143,0.1339,27.97,45.56,26.52,26.6,82.2257142857,95.82
"46",46,0,2001,32,0.2007571,0.2377286,0.2236429,0.2043571,0,74.08,27.1,27.6435321795765,66.6642857143,98.3414285714
"47",47,0,2001,33,0.2821714,0.2735571,0.2658571,0.3664571,5.14,70.81,27.125,27.4333333333,69.4757142857,94.71
"48",48,0,2001,34,0.2407571,0.1931143,0.2063429,0.2469143,9.97,90.07,27.6,27.25,78.3885714286,91.4657142857
"49",49,0,2001,35,0.2280714,0.1999857,0.2331429,0.2646429,47.58,126.46,27.2,26.8666666667,76.9557142857,89.4871428571
"50",50,0,2001,36,0.30695,0.2410286,0.1908714,0.3389429,44.45,47.13,27.375,26.88,81.9871428571,94.0171428571
"51",51,0,2001,37,0.3084571,0.2503143,0.2983,0.4290714,36.2,53.93,27.375,26.4,78.9571428571,88.1714285714
"52",52,0,2001,38,0.3533143,0.3439714,0.3586714,0.3530429,66.4,1.22,27.525,27.7849998320963,84.0328571429,79.3228571429
"53",53,0,2001,39,0.3346714,0.3886143,0.2854,0.3197714,26.48,52.1,27.25,26.5,79.3657142857,84.8571428571
"54",54,0,2001,40,0.3343857,0.2712857,0.2416857,0.4444,63.42,39.09,28.3,27.35,78.33,88.3228571429
"55",55,0,2001,41,0.4202857,0.3819571,0.4438,0.5460167,58.75,52.05,28.525,26.7666666667,74.4185714286,84.2457142857
"56",56,0,2001,42,0.3102,0.2971286,0.3454857,0.3820571,77.89,54.52,27.6333333333,27.3666666667,72.1628571429,90.8142857143
"57",57,0,2001,43,0.1244833,0.2392667,0.1845,0.2055714,77.15,27.97,28.0666666667,26.52,90.2657142857,82.2257142857
"58",58,0,2001,44,0.2108857,0.2075667,0.2066143,0.232,83.53,0,27.64,27.1,85.5728571429,66.6642857143
"59",59,0,2001,45,0.3581429,0.2793429,0.3059714,0.3714,34.54,5.14,27.525,27.125,89.0042857143,69.4757142857
"60",60,0,2001,46,0.2773286,0.2303,0.2773,0.2969714,61.82,9.97,28.44,27.6,87.4814285714,78.3885714286
"61",61,1,2001,47,0.3297,0.3304167,0.3406429,0.4415714,65.89,47.58,27.575,27.2,88.8371428571,76.9557142857
"62",62,1,2001,48,0.3015,0.3613,0.3055714,0.3699167,47.46,44.45,28.2333333333,27.375,87.3771428571,81.9871428571
"63",63,1,2001,49,0.3250571,0.2264714,0.2992571,0.3504714,46.86,36.2,28.425,27.375,87.24,78.9571428571
"64",64,2,2001,50,0.3260333,0.2355333,0.3155714,0.3066429,138.22,66.4,27.84,27.525,96.1185714286,84.0328571429
"65",65,4,2001,51,0.2229429,0.2240714,0.2128143,0.1841286,43.95,26.48,27.075,27.25,93.9471428571,79.3657142857
"66",66,1,2001,52,0.2981889,0.3380778,0.2887889,0.3417,100.72,63.42,27.35,28.3,96.3557142857,78.33
"67",67,4,2002,1,0.4057286,0.3484,0.3686429,0.3800143,70.16,58.75,27.95,28.525,94.5885714286,74.4185714286
"68",68,11,2002,2,0.3275833,0.3759167,0.4102667,0.3833333,64.79,77.89,28.9666666667,27.6333333333,76.6028571429,72.1628571429
"69",69,16,2002,3,0.2410857,0.14565,0.2780286,0.1976429,22.77,77.15,28.8,28.0666666667,75.2042857143,90.2657142857
"70",70,23,2002,4,0.1041286,0.1483286,0.1121857,0.1419143,121.07,83.53,27.94,27.64,81.5271428571,85.5728571429
"71",71,12,2002,5,0.221811936797848,0.205183517951455,0.199550702027272,0.21147340301153,59.4,34.54,26.3,27.525,96.2671428571,89.0042857143
"72",72,14,2002,6,0.1849167,0.1733286,0.1687429,0.1844286,4.68,61.82,26.625,28.44,96.6414285714,87.4814285714
"73",73,18,2002,7,0.2919714,0.2241429,0.3051,0.3732714,104.37,65.89,27.85,27.575,93.4385714286,88.8371428571
"74",74,8,2002,8,0.1288,0.1224333,0.09594286,0.1251714,37.46,47.46,27.02,28.2333333333,92.05,87.3771428571
"75",75,7,2002,9,0.1162,0.1787429,0.08991429,0.2104143,80.14,46.86,26.7,28.425,97.1571428571,87.24
"76",76,10,2002,10,0.3183667,0.2556,0.266,0.2973833,92.84,138.22,27.85,27.84,91.2214285714,96.1185714286
"77",77,7,2002,11,0.2483857,0.1795,0.2698143,0.2992333,41.96,43.95,26.95,27.075,89.7785714286,93.9471428571
"78",78,10,2002,12,0.2265857,0.2483333,0.2302,0.2435143,61.18,100.72,26.95,27.35,94.1657142857,96.3557142857
"79",79,5,2002,13,0.2127857,0.27455,0.1987,0.2284571,110.42,70.16,26.1,27.95,98.4571428571,94.5885714286
"80",80,11,2002,14,0.19708,0.2962286,0.1805,0.2763286,94.01,64.79,27.3,28.9666666667,97.7757142857,76.6028571429
"81",81,8,2002,15,0.2698286,0.1968143,0.2025857,0.2662857,75.98,22.77,26.3,28.8,97.2442857143,75.2042857143
"82",82,18,2002,16,0.26935,0.2121571,0.1889286,0.1949429,109.49,121.07,27.2,27.94,92.6157142857,81.5271428571
"83",83,13,2002,17,0.2678429,0.2614143,0.2485,0.2669286,45.59,59.4,27.2666666667,26.3,95.2514285714,96.2671428571
"84",84,9,2002,18,0.1703571,0.1418286,0.1977286,0.2570714,60.05,4.68,27.0351200745434,26.625,93.8457142857,96.6414285714
"85",85,22,2002,19,0.2272571,0.1782429,0.1773857,0.2101143,101.3,104.37,27.5,27.85,95.22,93.4385714286
"86",86,10,2002,20,0.1338,0.1096333,0.2196143,0.1417,46.79,37.46,26.8666666667,27.02,97.2428571429,92.05
"87",87,5,2002,21,0.1921143,0.1776429,0.2308571,0.2222,51.25,80.14,27.7,26.7,94.8042857143,97.1571428571
"88",88,13,2002,22,0.1764571,0.1749143,0.1881571,0.2386286,41.54,92.84,26.325,27.85,93.7885714286,91.2214285714
"89",89,2,2002,23,0.3204714,0.2780857,0.2377286,0.3431857,72.76,41.96,27.3,26.95,94.3457142857,89.7785714286
"90",90,11,2002,24,0.3862667,0.2591333,0.3284143,0.3916286,69.62,61.18,27.8,26.95,94.1442857143,94.1657142857
"91",91,11,2002,25,0.2212714,0.1735143,0.2119714,0.2252143,39.16,110.42,26.2333333333,26.1,85.7371428571,98.4571428571
"92",92,3,2002,26,0.1791714,0.2791,0.1326143,0.2132857,3.18,94.01,26.15,27.3,82.1671428571,97.7757142857
"93",93,7,2002,27,0.1015429,0.1266,0.1193571,0.07624286,3.27,75.98,26.275,26.3,85.5657142857,97.2442857143
"94",94,7,2002,28,0.21602,0.2350667,0.1511857,0.2129714,5.71,109.49,26.1333333333,27.2,85.6728571429,92.6157142857
"95",95,4,2002,29,0.1080429,0.07298571,0.1112286,0.1179714,63,45.59,25.4,27.2666666667,84.6685714286,95.2514285714
"96",96,5,2002,30,0.2225,0.2631,0.2489857,0.3464714,65.55,60.05,27.8,27.0351200745434,83.4971428571,93.8457142857
"97",97,6,2002,31,0.3870143,0.2601714,0.3492714,0.2830571,89.93,101.3,26.7,27.5,87.0342857143,95.22
"98",98,7,2002,32,0.3041167,0.2788429,0.3074571,0.3378429,14.34,46.79,27.25,26.8666666667,80.47,97.2428571429
"99",99,7,2002,33,0.3771571,0.3059,0.2884,0.3608429,9.81,51.25,27.8333333333,27.7,69.06,94.8042857143
"100",100,4,2002,34,0.345425,0.31354,0.29505,0.3092667,31.71,41.54,27.6380371786832,26.325,82.1414285714,93.7885714286
"101",101,9,2002,35,0.3045429,0.2694429,0.2508571,0.3224714,38.8,72.76,27.4,27.3,77.7657142857,94.3457142857
"102",102,17,2002,36,0.2290143,0.1319714,0.2494571,0.1908857,81.85,69.62,27.4,27.8,77.0828571429,94.1442857143
"103",103,8,2002,37,0.3075429,0.2941714,0.3234,0.1907714,25.36,39.16,28.2333333333,26.2333333333,73.1414285714,85.7371428571
"104",104,22,2002,38,0.3274143,0.3472571,0.3386714,0.3838714,11.49,3.18,28.9,26.15,64.6885714286,82.1671428571
"105",105,18,2002,39,0.2379833,0.3084286,0.2681143,0.3200429,38.56,3.27,27.9,26.275,79.5628571429,85.5657142857
"106",106,21,2002,40,0.2721143,0.1793667,0.3142429,0.2741714,70.98,5.71,29.2,26.1333333333,74.25,85.6728571429
"107",107,16,2002,41,0.37815,0.3857833,0.2314286,0.2459333,70.22,63,28.075,25.4,85.1371428571,84.6685714286
"108",108,31,2002,42,0.1992714,0.1592429,0.2581286,0.2277143,21.96,65.55,28,27.8,86.9985714286,83.4971428571
"109",109,25,2002,43,0.2278714,0.2144571,0.2997714,0.2229429,48.94,89.93,27.95,26.7,87.7171428571,87.0342857143
"110",110,28,2002,44,0.3290857,0.2862143,0.2940571,0.3159286,89.77,14.34,27.7873866659688,27.25,91.9442857143,80.47
"111",111,26,2002,45,0.3071429,0.27695,0.2879286,0.3642857,95.47,9.81,28.3,27.8333333333,95.2857142857,69.06
"112",112,18,2002,46,0.2368333,0.2021571,0.2095143,0.1620286,91.36,31.71,27.6,27.6380371786832,96.0471428571,82.1414285714
"113",113,27,2002,47,0.2506143,0.2791333,0.2156333,0.2982667,61.69,38.8,27.35,27.4,96.84,77.7657142857
"114",114,11,2002,48,0.3109286,0.2852286,0.2907286,0.2563286,60.15,81.85,28.1,27.4,93.3957142857,77.0828571429
"115",115,38,2002,49,0.3008,0.2528,0.3449571,0.3483286,49.69,25.36,28.5,28.2333333333,90.6628571429,73.1414285714
"116",116,29,2002,50,0.2680286,0.1424286,0.2886714,0.1850714,35.02,11.49,27.65,28.9,92.6142857143,64.6885714286
"117",117,21,2002,51,0.2542286,0.1839143,0.2707143,0.2090286,25.73,38.56,27.98,27.9,93.8457142857,79.5628571429
"118",118,11,2002,52,0.1194,0.1364,0.1718286,0.1895857,151.73,70.98,27.975,29.2,93.4085714286,74.25
"119",119,10,2003,1,0.3234143,0.3004143,0.3291857,0.3184286,46.91,70.22,28.45,28.075,84.06,85.1371428571
"120",120,5,2003,2,0.4884,0.4024429,0.4149286,0.4697,11.77,21.96,28.9333333333,28,91.56,86.9985714286
"121",121,6,2003,3,0.303,0.1694667,0.2915429,0.3012857,60.46,48.94,28,27.95,94.3742857143,87.7171428571
"122",122,2,2003,4,0.2249571,0.2602714,0.2069286,0.2895,84.05,89.77,28.4,27.7873866659688,84.46,91.9442857143
"123",123,1,2003,5,0.1660286,0.1406286,0.1913857,0.1834429,35.05,95.47,28.6,28.3,74.8842857143,95.2857142857
"124",124,2,2003,6,0.19145,0.08642857,0.1368,0.1567143,56.36,91.36,26.6,27.6,94.5528571429,96.0471428571
"125",125,2,2003,7,0.3137143,0.2284143,0.2521143,0.2864714,70.63,61.69,26.75,27.35,94.3542857143,96.84
"126",126,3,2003,8,0.1262571,0.1355143,0.1036571,0.1337143,25.03,60.15,26.8146792761665,28.1,89.9742857143,93.3957142857
"127",127,5,2003,9,0.2976,0.2366333,0.22915,0.2072833,132.2,49.69,29.4,28.5,86.0128571429,90.6628571429
"128",128,1,2003,10,0.1695286,0.1389571,0.2340571,0.1851429,63.71,35.02,27.95,27.65,92.4685714286,92.6142857143
"129",129,4,2003,11,0.2,0.1902857,0.1589429,0.1636286,47.97,25.73,26.7,27.98,96.1714285714,93.8457142857
"130",130,2,2003,12,0.2142143,0.2251571,0.2191714,0.2485,109.04,151.73,27.6,27.975,93.6285714286,93.4085714286
"131",131,4,2003,13,0.1475286,0.2694571,0.1268571,0.2059143,93.61,46.91,30.8,28.45,91.5942857143,84.06
"132",132,0,2003,14,0.2482,0.2627714,0.2065,0.2886857,89.38,11.77,28.26,28.9333333333,93.0142857143,91.56
"133",133,0,2003,15,0.2052429,0.1842,0.1931286,0.2087857,78.59,60.46,28.175,28,96.27,94.3742857143
"134",134,0,2003,16,0.2668286,0.2182286,0.1998714,0.2621429,51.14,84.05,27.72,28.4,95.9928571429,84.46
"135",135,0,2003,17,0.3234429,0.2531714,0.2852286,0.2931,77.34,35.05,28.2,28.6,92.5471428571,74.8842857143
"136",136,1,2003,18,0.4350571,0.3769143,0.2636143,0.3348429,65.43,56.36,27.2,26.6,97.2771428571,94.5528571429
"137",137,1,2003,19,0.1994286,0.1501,0.1834667,0.1477,138.05,70.63,28.35,26.75,96.14,94.3542857143
"138",138,1,2003,20,0.2454286,0.1847,0.2614571,0.2688857,84.16,25.03,27,26.8146792761665,98.1328571429,89.9742857143
"139",139,1,2003,21,0.1892571,0.16695,0.1843,0.1707429,23.7,132.2,27.4666666667,29.4,95.8542857143,86.0128571429
"140",140,1,2003,22,0.2411429,0.1987,0.2537286,0.2544571,166.52,63.71,27.7,27.95,92.4614285714,92.4685714286
"141",141,2,2003,23,0.2369571,0.1213143,0.1923143,0.2074,70.25,47.97,27.2,26.7,97.6171428571,96.1714285714
"142",142,3,2003,24,0.3135857,0.3539833,0.2658571,0.2809143,98.72,109.04,27.7,27.6,96.2228571429,93.6285714286
"143",143,4,2003,25,0.3237,0.2755,0.3547571,0.2723143,47.15,93.61,27.525,30.8,90.0485714286,91.5942857143
"144",144,6,2003,26,0.1882571,0.2322667,0.1737714,0.1928,88.88,89.38,26.95,28.26,95.5757142857,93.0142857143
"145",145,2,2003,27,0.2618143,0.1715857,0.3099429,0.2584286,61.09,78.59,25.8666666667,28.175,94.1271428571,96.27
"146",146,2,2003,28,0.1802714,0.1629714,0.1541286,0.1611,53.58,51.14,27.075,27.72,86.6557142857,95.9928571429
"147",147,5,2003,29,0.1935714,0.16885,0.1590857,0.2314714,65.2,77.34,27.6666666667,28.2,85.6114285714,92.5471428571
"148",148,1,2003,30,0.2858143,0.1630714,0.2880286,0.2774571,2.64,65.43,26.4666666667,27.2,77.8042857143,97.2771428571
"149",149,1,2003,31,0.2077857,0.1562143,0.1743286,0.2188143,24.64,138.05,27.225,28.35,82.27,96.14
"150",150,0,2003,32,0.2443714,0.1746429,0.2174143,0.2323,89.28,84.16,27.85,27,77.8614285714,98.1328571429
"151",151,0,2003,33,0.2471143,0.1711143,0.2337429,0.2638,52.47,23.7,27.4,27.4666666667,83.9271428571,95.8542857143
"152",152,0,2003,34,0.4252429,0.3624833,0.3566143,0.3855286,45.38,166.52,27.75,27.7,81.9428571429,92.4614285714
"153",153,0,2003,35,0.2495857,0.2122,0.2508143,0.2652143,29.51,70.25,28,27.2,85.7257142857,97.6171428571
"154",154,2,2003,36,0.3417,0.2863143,0.2101857,0.2659857,8.84,98.72,26.65,27.7,70.9285714286,96.2228571429
"155",155,0,2003,37,0.2232286,0.2028714,0.1952571,0.2701857,36.42,47.15,27.8333333333,27.525,76.5328571429,90.0485714286
"156",156,3,2003,38,0.3644857,0.2609857,0.3164571,0.3851571,55.73,88.88,27.8,26.95,85.03,95.5757142857
"157",157,0,2003,39,0.4011857,0.3545167,0.3276714,0.3920429,100.55,61.09,28.0333333333,25.8666666667,88.1171428571,94.1271428571
"158",158,0,2003,40,0.2535,0.2371143,0.2290286,0.2321714,74.6,53.58,28.575,27.075,83.6828571429,86.6557142857
"159",159,0,2003,41,0.1760286,0.1963833,0.2257571,0.2349286,38.3,65.2,27.2,27.6666666667,92.1657142857,85.6114285714
"160",160,2,2003,42,0.2758286,0.2288429,0.2752,0.2871143,44.16,2.64,28.3,26.4666666667,90.3428571429,77.8042857143
"161",161,2,2003,43,0.4750143,0.3795,0.4249429,0.4324429,39.52,24.64,27.975,27.225,87.37,82.27
"162",162,3,2003,44,0.1345143,0.1314714,0.1153571,0.1212714,32.47,89.28,28.7333333333,27.85,77.7842857143,77.8614285714
"163",163,3,2003,45,0.3946571,0.3269571,0.3912143,0.4190429,105.14,52.47,27.6,27.4,88.48,83.9271428571
"164",164,3,2003,46,0.3176857,0.3246,0.2498,0.3244714,31.08,45.38,28.5,27.75,86.7557142857,81.9428571429
"165",165,1,2003,47,0.2636429,0.2816571,0.2466667,0.3012571,123.63,29.51,27.9,28,90.8828571429,85.7257142857
"166",166,2,2003,48,0.2749,0.2452,0.3094571,0.2953286,81.27,8.84,28.3,26.65,86.9957142857,70.9285714286
"167",167,3,2003,49,0.4003429,0.3180571,0.3287714,0.3696429,72.23,36.42,28.7666666667,27.8333333333,89.2071428571,76.5328571429
"168",168,6,2003,50,0.3586286,0.24435,0.3519,0.3588,108.62,55.73,28.4,27.8,93.2314285714,85.03
"169",169,5,2003,51,0.1926667,0.2244,0.1361143,0.1363143,64.95,100.55,28.3,28.0333333333,93.9171428571,88.1171428571
"170",170,1,2003,52,0.2850778,0.2306556,0.2676444,0.2647778,49.42,74.6,27.3,28.575,96.9371428571,83.6828571429
"171",171,4,2004,1,0.2025714,0.1989667,0.2445571,0.1879571,41.7418543268438,38.3,27.4468293765542,27.2,92.5502914109177,92.1657142857
"172",172,5,2004,2,0.24942,0.30885,0.2086286,0.2590143,78.53,44.16,27.4333333333,28.3,95.7942857143,90.3428571429
"173",173,8,2004,3,0.32786,0.29844,0.30672,0.34024,63.47,39.52,28.7,27.975,96.1285714286,87.37
"174",174,5,2004,4,0.3205857,0.3365286,0.2566,0.3441143,29.23,32.47,28.7333333333,28.7333333333,82.4671428571,77.7842857143
"175",175,2,2004,5,0.2330143,0.2351857,0.1964857,0.2055429,4.65,105.14,28.925,27.6,65.2842857143,88.48
"176",176,3,2004,6,0.1235429,0.0993,0.1128571,0.1172,13.2,31.08,29.2,28.5,72.9271428571,86.7557142857
"177",177,3,2004,7,0.2787429,0.2987571,0.3127143,0.3048286,24.83,123.63,27.925,27.9,86.7657142857,90.8828571429
"178",178,1,2004,8,0.2366286,0.1670429,0.1970286,0.2225143,39.06,81.27,26.6,28.3,87.7185714286,86.9957142857
"179",179,6,2004,9,0.3190571,0.3352333,0.2176286,0.3000286,125.04,72.23,27.4666666667,28.7666666667,93.0128571429,89.2071428571
"180",180,4,2004,10,0.2094714,0.2086571,0.1715,0.1935714,52.08,108.62,28.4,28.4,92.5614285714,93.2314285714
"181",181,1,2004,11,0.3076833,0.2140167,0.33865,0.3110429,80.33,64.95,28,28.3,96.2885714286,93.9171428571
"182",182,2,2004,12,0.3859857,0.4247833,0.3514143,0.3465286,137.83,49.42,28.3,27.3,93.6285714286,96.9371428571
"183",183,3,2004,13,0.3062833,0.19872,0.02988,0.29015,120.1,41.7418543268438,28.65,27.4468293765542,96.2385714286,92.5502914109177
"184",184,1,2004,14,0.136,0.138,0.1862333,0.1294333,101.22,78.53,28.0666666667,27.4333333333,97.9414285714,95.7942857143
"185",185,8,2004,15,0.3592143,0.3348429,0.2791571,0.3612714,47.26,63.47,27.65,28.7,96.4985714286,96.1285714286
"186",186,4,2004,16,0.2441857,0.1958286,0.1747,0.1882286,61.8,29.23,28.0333333333,28.7333333333,92.32,82.4671428571
"187",187,6,2004,17,0.3742857,0.3308,0.2340333,0.2549429,113.62,4.65,28,28.925,94.7885714286,65.2842857143
"188",188,7,2004,18,0.27884,0.1637667,0.1911833,0.3266286,65.82,13.2,27.5333333333,29.2,97.8085714286,72.9271428571
"189",189,5,2004,19,0.1575667,0.1215429,0.1904143,0.1225333,83.93,24.83,27.2333333333,27.925,95.1157142857,86.7657142857
"190",190,8,2004,20,0.1716667,0.1522333,0.1598333,0.1769,34.81,39.06,27.3,26.6,93.8971428571,87.7185714286
"191",191,6,2004,21,0.2254667,0.18515,0.1942,0.2483167,173.45,125.04,26.65,27.4666666667,91.6271428571,93.0128571429
"192",192,5,2004,22,0.1903143,0.07784286,0.1931714,0.1023286,35.43,52.08,26.3811794878618,28.4,93.5757142857,92.5614285714
"193",193,6,2004,23,0.1073,0.1170667,0.1967857,0.1106143,88.62,80.33,27.5,28,94.6928571429,96.2885714286
"194",194,6,2004,24,0.2378429,0.2350833,0.1669571,0.2119714,85.28,137.83,26.8,28.3,96.8757142857,93.6285714286
"195",195,13,2004,25,0.3329571,0.191,0.2340429,0.3255143,94.52,120.1,25.9,28.65,92.3714285714,96.2385714286
"196",196,2,2004,26,0.2392333,0.1535429,0.1328286,0.1970429,32.95,101.22,25.075,28.0666666667,90.4471428571,97.9414285714
"197",197,10,2004,27,0.2572143,0.3249286,0.1978,0.1967571,46.39,47.26,25.9,27.65,94.6685714286,96.4985714286
"198",198,3,2004,28,0.3175571,0.3013857,0.2793714,0.3355429,83.94,61.8,26.55,28.0333333333,90.9057142857,92.32
"199",199,12,2004,29,0.2328286,0.2737667,0.2338,0.1532429,48.09,113.62,26.8,28,85.1585714286,94.7885714286
"200",200,7,2004,30,0.2679429,0.2995,0.2177,0.2849857,53.78,65.82,26.3,27.5333333333,90.9285714286,97.8085714286
"201",201,6,2004,31,0.2089,0.1555,0.2203,0.2542571,85.96,83.93,27.8528813123497,27.2333333333,92.5271428571,95.1157142857
"202",202,5,2004,32,0.2489,0.2659571,0.2185286,0.2375571,29.82,34.81,28.0395788909148,27.3,79.7185714286,93.8971428571
"203",203,6,2004,33,0.1910714,0.227,0.1685286,0.2957,18.44,173.45,28.197596448848,26.65,79.2357142857,91.6271428571
"204",204,6,2004,34,0.3931286,0.3286429,0.2767714,0.3885143,23.78,35.43,28.9178866737164,26.3811794878618,78.4814285714,93.5757142857
"205",205,6,2004,35,0.3113,0.2609286,0.2330143,0.2997857,42.86,88.62,28.6724690817563,27.5,83.1728571429,94.6928571429
"206",206,8,2004,36,0.3343571,0.3720286,0.3420143,0.2845857,147.32,85.28,27.1,26.8,86.54,96.8757142857
"207",207,6,2004,37,0.1302667,0.15128,0.1108143,0.1174857,46.58,94.52,27.4,25.9,88.7428571429,92.3714285714
"208",208,9,2004,38,0.2680714,0.2102286,0.2273429,0.32515,36.64,32.95,27.1666666667,25.075,91.2,90.4471428571
"209",209,12,2004,39,0.3915333,0.3207286,0.1595857,0.3325286,48.68,46.39,28,25.9,79.5571428571,94.6685714286
"210",210,19,2004,40,0.2754571,0.2193,0.2612571,0.3283857,85.69,83.94,28.65,26.55,84.8071428571,90.9057142857
"211",211,8,2004,41,0.2614714,0.1862429,0.3057286,0.2577429,52.27,48.09,26.975,26.8,88.8257142857,85.1585714286
"212",212,16,2004,42,0.3523286,0.2841714,0.3764143,0.3553429,65.25,53.78,28.55,26.3,94.16,90.9285714286
"213",213,21,2004,43,0.2538429,0.1996667,0.3036857,0.2235571,35.61,85.96,27.7,27.8528813123497,85.0657142857,92.5271428571
"214",214,6,2004,44,0.2953286,0.2312286,0.2604,0.3197714,74.01,29.82,27.4,28.0395788909148,87.87,79.7185714286
"215",215,22,2004,45,0.4148857,0.3245571,0.2727429,0.3656714,91.63,18.44,28.35,28.197596448848,84.8271428571,79.2357142857
"216",216,37,2004,46,0.3466857,0.3154143,0.2708571,0.3742,74.68,23.78,27.2,28.9178866737164,96.3542857143,78.4814285714
"217",217,33,2004,47,0.2278714,0.1945,0.1909143,0.2095571,74.08,42.86,28.25,28.6724690817563,84.6114285714,83.1728571429
"218",218,18,2004,48,0.2153167,0.1672857,0.2026286,0.2191286,71.98,147.32,28,27.1,95.2514285714,86.54
"219",219,83,2004,49,0.2019429,0.1593667,0.1590429,0.2410857,53.01,46.58,27.9,27.4,87.13,88.7428571429
"220",220,116,2004,50,0.3234286,0.3095143,0.2758286,0.3359,70.04,36.64,26.0246450116717,27.1666666667,93.9385714286,91.2
"221",221,32,2004,51,0.2611429,0.2033143,0.2437429,0.2363571,49.56,48.68,28.375,28,88.78,79.5571428571
"222",222,7,2004,52,0.3648625,0.3266,0.4031125,0.3162,109.83,85.69,27.8,28.65,93.2528571429,84.8071428571
"223",223,9,2005,53,0.238686929549763,0.205183517951455,0.212022178090563,0.208648257188264,40.0844874191401,52.27,27.5656257375458,26.975,92.5502914109177,88.8257142857
"224",224,10,2005,1,0.3148429,0.1866286,0.3033,0.2704,70.6,65.25,28.5,28.55,93.0057142857,94.16
"225",225,5,2005,2,0.3044143,0.3612571,0.3126,0.3156286,93.73,35.61,28.4,27.7,95.53,85.0657142857
"226",226,8,2005,3,0.3459333,0.3118,0.291,0.3379714,60.52,74.01,28.8666666667,27.4,83.3,87.87
"227",227,7,2005,4,0.3643667,0.2779143,0.2925571,0.2806857,25.67,91.63,28.8666666667,28.35,87.3128571429,84.8271428571
"228",228,8,2005,5,0.1582286,0.16725,0.1518143,0.1266,88.96,74.68,28.525,27.2,89.4271428571,96.3542857143
"229",229,11,2005,6,0.2151857,0.1728143,0.2623,0.2283571,52.61,74.08,27.4666666667,28.25,95.9771428571,84.6114285714
"230",230,6,2005,7,0.1995,0.2024571,0.2189,0.1806857,125.35,71.98,27.5,28,95.7485714286,95.2514285714
"231",231,7,2005,8,0.2011,0.2081429,0.2812143,0.2109,46.98,53.01,28.65,27.9,91.5771428571,87.13
"232",232,7,2005,9,0.2937167,0.2696167,0.2308,0.2771,54.22,70.04,28.2666666667,26.0246450116717,94.4014285714,93.9385714286
"233",233,14,2005,10,0.1558429,0.1370833,0.2418714,0.1464286,155.54,49.56,26.8,28.375,97.6871428571,88.78
"234",234,7,2005,11,0.2515167,0.1817667,0.1545286,0.2099571,162.51,109.83,28.7,27.8,92.2671428571,93.2528571429
"235",235,9,2005,12,0.2150714,0.2127,0.1209286,0.2354286,99.37,70.6,27.72,28.5,89.82,93.0057142857
"236",236,13,2005,13,0.3816857,0.3683143,0.3837714,0.3666571,55.12,93.73,28.25,28.4,93.8014285714,95.53
"237",237,16,2005,14,0.3091143,0.2173571,0.3001,0.2446571,87.41,60.52,28.1,28.8666666667,92.4171428571,83.3
"238",238,7,2005,15,0.1869333,0.1447571,0.1957429,0.1824286,40.03,25.67,27.65,28.8666666667,97.3228571429,87.3128571429
"239",239,9,2005,16,0.2082833,0.1649167,0.2776667,0.1962667,37.6,88.96,28.85,28.525,97.3814285714,89.4271428571
"240",240,2,2005,17,0.2141,0.2315333,0.1616857,0.2017714,78.8,52.61,28.6,27.4666666667,97.1628571429,95.9771428571
"241",241,13,2005,18,0.1465333,0.1345833,0.1343143,0.1880571,33.29,125.35,25.8,27.5,95.9371428571,95.7485714286
"242",242,8,2005,19,0.2484333,0.2341,0.2020667,0.1930667,49.07,46.98,27.9,28.65,88.2942857143,91.5771428571
"243",243,3,2005,20,0.2700857,0.1737571,0.2104571,0.2297429,56.22,54.22,27.8494787146951,28.2666666667,93.9185714286,94.4014285714
"244",244,5,2005,21,0.3118143,0.3585429,0.2806571,0.2474571,43.14,155.54,27.4,26.8,84.6585714286,97.6871428571
"245",245,4,2005,22,0.3782857,0.3693714,0.3631857,0.3612429,61.75,162.51,28.5814299939125,28.7,86.7014285714,92.2671428571
"246",246,8,2005,23,0.1395143,0.1401,0.14235,0.1185429,40.44,99.37,27.1,27.72,94.5928571429,89.82
"247",247,2,2005,24,0.2890857,0.2256429,0.2247143,0.2651286,104.83,55.12,27.6666666667,28.25,89.1942857143,93.8014285714
"248",248,3,2005,25,0.2915571,0.2460714,0.3518571,0.2604571,50.88,87.41,27.35,28.1,84.4671428571,92.4171428571
"249",249,5,2005,26,0.2747143,0.1780143,0.2843143,0.2271714,23.6,40.03,26.8333333333,27.65,88.3871428571,97.3228571429
"250",250,7,2005,27,0.2008,0.2010667,0.1622667,0.2214,43.24,37.6,27.8,28.85,84.6928571429,97.3814285714
"251",251,3,2005,28,0.3869286,0.3350571,0.3298429,0.4413429,109.71,78.8,27.8,28.6,77.3728571429,97.1628571429
"252",252,5,2005,29,0.1680286,0.1343286,0.1865571,0.1472571,27.33,33.29,26.55,25.8,75.6971428571,95.9371428571
"253",253,6,2005,30,0.3474857,0.2537,0.2769571,0.3653143,42.32,49.07,21.4,27.9,84.2385714286,88.2942857143
"254",254,5,2005,31,0.3286857,0.3132571,0.2262143,0.2740143,0,56.22,26.25,27.8494787146951,75.5714285714,93.9185714286
"255",255,5,2005,32,0.2826429,0.2270286,0.2825571,0.239,38.17,43.14,27.325,27.4,74.8557142857,84.6585714286
"256",256,4,2005,33,0.2669857,0.2939286,0.336,0.2924857,17.85,61.75,28.5521275838023,28.5814299939125,64.6585714286,86.7014285714
"257",257,0,2005,34,0.3288,0.2715571,0.2723,0.3005,69.62,40.44,27.75,27.1,83.8542857143,94.5928571429
"258",258,0,2005,35,0.4568333,0.3595833,0.35945,0.3801167,12.81,104.83,26.8,27.6666666667,79.6471428571,89.1942857143
"259",259,0,2005,36,0.3354286,0.2007143,0.3228857,0.3091429,36.98,50.88,28.6378208932326,27.35,71.9714285714,84.4671428571
"260",260,0,2005,37,0.2394286,0.2148714,0.2390429,0.2276,18.66,23.6,28.8615770333779,26.8333333333,83.73,88.3871428571
"261",261,0,2005,38,0.1845667,0.1952571,0.1543857,0.2124833,2.56,43.24,25.7666666667,27.8,76.5957142857,84.6928571429
"262",262,2,2005,39,0.4054167,0.4287714,0.3706,0.4210857,29.8,109.71,28.65,27.8,67.2128571429,77.3728571429
"263",263,4,2005,40,0.3321571,0.3463667,0.2586143,0.3210429,54.7,27.33,28.8,26.55,74.9528571429,75.6971428571
"264",264,4,2005,41,0.3734286,0.2774833,0.3742286,0.3522714,60,42.32,28.5,21.4,75.5085714286,84.2385714286
"265",265,3,2005,42,0.3072571,0.2782143,0.3548286,0.2869571,73.97,0,29.1,26.25,81.6914285714,75.5714285714
"266",266,3,2005,43,0.3635571,0.3000429,0.2898286,0.3261429,100.06,38.17,28.3,27.325,89.1428571429,74.8557142857
"267",267,5,2005,44,0.1875714,0.2133714,0.1718571,0.1789571,59.15,17.85,28.2333333333,28.5521275838023,87.2314285714,64.6585714286
"268",268,6,2005,45,0.3938,0.2986286,0.4019857,0.4103714,75.36,69.62,27.9317438656804,27.75,89.31,83.8542857143
"269",269,14,2005,46,0.4424286,0.3481714,0.3430714,0.4731429,49.87,12.81,27.6,26.8,93.1771428571,79.6471428571
"270",270,3,2005,47,0.2825714,0.2206,0.2882143,0.2400857,72.34,36.98,28.5,28.6378208932326,90.3485714286,71.9714285714
"271",271,7,2005,48,0.3178143,0.3027,0.3369429,0.4171286,78.52,18.66,28.2666666667,28.8615770333779,86.4085714286,83.73
"272",272,11,2005,49,0.3585857,0.2194857,0.2579143,0.2992714,60.5,2.56,28.1,25.7666666667,87.7214285714,76.5957142857
"273",273,2,2005,50,0.1984429,0.1941,0.1930143,0.247,46.91,29.8,28.1,28.65,92.9571428571,67.2128571429
"274",274,6,2005,51,0.180575,0.1413333,0.2552833,0.1383714,151,54.7,28.3,28.8,95.6742857143,74.9528571429
"275",275,8,2006,52,0.3546,0.21995,0.3225167,0.2563333,114.58,60,27.45,28.5,93.8214285714,75.5085714286
"276",276,25,2006,1,0.1995143,0.2393429,0.2276571,0.2155,38.78,73.97,26.2900047453376,29.1,73.1614285714,81.6914285714
"277",277,21,2006,2,0.2284,0.2020714,0.19475,0.23035,138.46,100.06,27.78,28.3,88.3357142857,89.1428571429
"278",278,10,2006,3,0.1743,0.1336429,0.1117571,0.1944286,88.85,59.15,26.6130422323173,28.2333333333,89.9557142857,87.2314285714
"279",279,28,2006,4,0.1517667,0.1377,0.1478,0.1607833,49.32,75.36,27.3,27.9317438656804,93.1142857143,89.31
"280",280,39,2006,5,0.3791143,0.3053286,0.3459714,0.3715714,34.17,49.87,26.3833707493908,27.6,97.32,93.1771428571
"281",281,20,2006,6,0.2568143,0.13605,0.1978286,0.2583143,71.87,72.34,28,28.5,95.8271428571,90.3485714286
"282",282,24,2006,7,0.3827,0.2506,0.2436571,0.2856,44.35,78.52,28.6,28.2666666667,91.0985714286,86.4085714286
"283",283,28,2006,8,0.2621143,0.1248,0.2153571,0.1447857,23.44,60.5,28.24,28.1,86.0314285714,87.7214285714
"284",284,26,2006,9,0.1786667,0.1959333,0.1412667,0.1282833,79.13,46.91,27.4333333333,28.1,92.6057142857,92.9571428571
"285",285,8,2006,10,0.4246286,0.4113,0.3731857,0.3158571,94.99,151,28,28.3,96.36,95.6742857143
"286",286,12,2006,12,0.2885667,0.17954,0.2972714,0.2236429,120.62,38.78,27.4,26.2900047453376,93.7871428571,73.1614285714
"287",287,18,2006,13,0.24505,0.18885,0.2235333,0.1816667,121.46,138.46,28.3,27.78,95.0242857143,88.3357142857
"288",288,9,2006,14,0.2416714,0.2054,0.1560143,0.2833143,41.68,88.85,27.9333333333,26.6130422323173,91.8114285714,89.9557142857
"289",289,9,2006,15,0.3011286,0.2650571,0.2553143,0.2626857,75.33,49.32,28.3,27.3,95.51,93.1142857143
"290",290,6,2006,16,0.3309,0.2654714,0.3195571,0.2849429,69.6,34.17,27.4,26.3833707493908,92.1114285714,97.32
"291",291,6,2006,17,0.2055714,0.23605,0.1919143,0.1393714,74.93,71.87,27,28,90.8642857143,95.8271428571
"292",292,8,2006,18,0.1516,0.0846,0.1763143,0.1137286,65.07,44.35,27.85,28.6,93.6357142857,91.0985714286
"293",293,5,2006,19,0.2866571,0.1871571,0.2665143,0.2874571,127.24,23.44,24.3,28.24,96.0985714286,86.0314285714
"294",294,7,2006,20,0.3392857,0.3482857,0.3158286,0.3745714,1.52,79.13,25.2,27.4333333333,72.0342857143,92.6057142857
"295",295,6,2006,21,0.2065143,0.1171429,0.1692714,0.1700714,91.4,94.99,27.4666666667,28,80.3857142857,96.36
"296",296,5,2006,22,0.09837143,0.1010667,0.1863143,0.09775,79.48,121.69,25.6,27.975,92.5057142857,93.3471428571
"297",297,3,2006,23,0.3404429,0.1908571,0.3513429,0.2586143,130.66,120.62,26.2,27.4,93.4757142857,93.7871428571
"298",298,1,2006,24,0.1732714,0.185,0.1369286,0.1680429,84.99,121.46,28.1,28.3,87.2142857143,95.0242857143
"299",299,0,2006,25,0.22138,0.22336,0.3714167,0.22146,71.69,41.68,26.6,27.9333333333,88.4714285714,91.8114285714
"300",300,1,2006,26,0.3118571,0.2039333,0.3360286,0.3046286,17.21,75.33,27.2,28.3,83.4671428571,95.51
"301",301,2,2006,27,0.3201714,0.2081,0.2921143,0.2326857,20.72,69.6,26.7,27.4,90.4328571429,92.1114285714
"302",302,3,2006,28,0.3499857,0.2920429,0.2884571,0.2949167,1.17,74.93,26.25,27,77.2714285714,90.8642857143
"303",303,2,2006,29,0.3602857,0.341,0.3629571,0.3211286,54.72,65.07,27.4,27.85,85.14,93.6357142857
"304",304,2,2006,30,0.3186857,0.3523429,0.3766429,0.2859,28.66,127.24,26.6,24.3,79.7428571429,96.0985714286
"305",305,2,2006,31,0.2016857,0.1625571,0.2003286,0.2015571,44.96,1.52,27.225,25.2,88.7071428571,72.0342857143
"306",306,2,2006,32,0.4397857,0.3675857,0.3333143,0.3809857,11.79,91.4,27.6,27.4666666667,79.2428571429,80.3857142857
"307",307,2,2006,33,0.2908,0.238675,0.2856571,0.3337,47.74,79.48,27.6666666667,25.6,84.62,92.5057142857
"308",308,4,2006,34,0.2736429,0.2089429,0.2408857,0.2427571,68.6,130.66,27.3,26.2,83.0471428571,93.4757142857
"309",309,0,2006,35,0.3097833,0.3501286,0.2846833,0.3948167,68,84.99,26.5,28.1,85.3728571429,87.2142857143
"310",310,6,2006,36,0.2277857,0.2833143,0.2443714,0.2834143,90.33,71.69,27.42,26.6,75.53,88.4714285714
"311",311,3,2006,37,0.28004,0.2367167,0.2361833,0.25855,111.87,17.21,28.35,27.2,77.2542857143,83.4671428571
"312",312,2,2006,38,0.3807286,0.3783667,0.3023,0.3075714,82.2,20.72,27.9333333333,26.7,77.5142857143,90.4328571429
"313",313,6,2006,39,0.4655,0.2415429,0.4734,0.4934429,134.64,1.17,28.5666666667,26.25,82.8457142857,77.2714285714
"314",314,2,2006,40,0.35495,0.2479333,0.3508143,0.3139167,60.48,54.72,28.7,27.4,80.49,85.14
"315",315,7,2006,41,0.1556167,0.19152,0.2151857,0.1546143,41.69,28.66,28.06,26.6,86.8528571429,79.7428571429
"316",316,4,2006,42,0.3215,0.2769,0.2100857,0.3337571,103.77,44.96,28.6,27.225,90.3785714286,88.7071428571
"317",317,6,2006,43,0.4882286,0.3681429,0.4377429,0.3788286,55.94,11.79,27.56,27.6,89.7,79.2428571429
"318",318,6,2006,44,0.3603286,0.2740143,0.3477143,0.3247857,67.5,47.74,28.8333333333,27.6666666667,82.9342857143,84.62
"319",319,2,2006,45,0.2951286,0.2463857,0.3020714,0.277,80.25,68.6,28.25,27.3,92.0885714286,83.0471428571
"320",320,13,2006,46,0.3191429,0.1862857,0.2737,0.2470286,86.65,68,27.6,26.5,94.44,85.3728571429
"321",321,10,2006,47,0.3405571,0.2662571,0.3427286,0.3283857,43.59,90.33,27,27.42,94.3028571429,75.53
"322",322,5,2006,48,0.1504714,0.1515714,0.1926,0.1557286,75.33,111.87,27.9,28.35,89.55,77.2542857143
"323",323,2,2006,49,0.4470833,0.3015143,0.3405714,0.4276,99.89,82.2,28.4,27.9333333333,96.7957142857,77.5142857143
"324",324,0,2006,50,0.3785,0.3020333,0.3492286,0.4147857,157.75,134.64,27.5716404917276,28.5666666667,95.8757142857,82.8457142857
"325",325,1,2006,51,0.32782,0.26192,0.3814667,0.35295,111.48,60.48,27.1936098094561,28.7,95.0785714286,80.49
"326",326,0,2007,1,0.2201167,0.1589571,0.1905714,0.1324,79.94,41.69,26.6,28.06,95.9271428571,86.8528571429
"327",327,14,2007,2,0.1732857,0.2069333,0.1343,0.2379571,37.06,103.77,26.825,28.6,96.2385714286,90.3785714286
"328",328,6,2007,3,0.2719,0.2938,0.2094143,0.2523,126.89,55.94,27.775,27.56,94.6471428571,89.7
"329",329,10,2007,4,0.1936714,0.1394714,0.2619,0.3068571,95.47,67.5,27.7,28.8333333333,96.9971428571,82.9342857143
"330",330,5,2007,5,0.1744143,0.1805,0.1590714,0.2003143,83.7,80.25,27.725,28.25,93.1357142857,92.0885714286
"331",331,12,2007,6,0.3175,0.4014857,0.3285429,0.4429286,61.8,86.65,28.6,27.6,87.53,94.44
"332",332,9,2007,7,0.2858,0.2957,0.2570286,0.3195714,14.19,43.59,28.85,27,75.8042857143,94.3028571429
"333",333,5,2007,8,0.2570143,0.1182333,0.1790857,0.2372286,25.7,75.33,28.74,27.9,72.4457142857,89.55
"334",334,11,2007,9,0.1735,0.1996333,0.1745,0.1659167,55.56,99.89,28.56,28.4,78.5857142857,96.7957142857
"335",335,2,2007,10,0.216,0.2136,0.1889143,0.2275286,117.07,157.75,27.3,27.5716404917276,94.3485714286,95.8757142857
"336",336,6,2007,11,0.3033167,0.2850333,0.2571429,0.2926143,55.47,111.48,28,27.1936098094561,96.5228571429,95.0785714286
"337",337,7,2007,12,0.21324,0.2231286,0.2643714,0.2218286,150.33,114.58,27,27.45,90.8585714286,93.8214285714
"338",338,6,2007,13,0.2386714,0.2447429,0.2162286,0.2591857,93.14,79.94,28.25,26.6,93.5857142857,95.9271428571
"339",339,5,2007,14,0.2381,0.1912,0.2749571,0.2738,97.04,37.06,27.2666666667,26.825,95.82,96.2385714286
"340",340,9,2007,15,0.1525167,0.1494857,0.2294143,0.1575571,98.94,126.89,27.85,27.775,95.5271428571,94.6471428571
"341",341,5,2007,16,0.1430857,0.2071571,0.1684571,0.2743143,93.62,95.47,27.4,27.7,94.7214285714,96.9971428571
"342",342,8,2007,17,0.2713714,0.1836571,0.203,0.3006,157.86,83.7,27.0333333333,27.725,95.5257142857,93.1357142857
"343",343,3,2007,18,0.1947143,0.1541,0.2957143,0.1730857,103.39,61.8,27.85,28.6,93.47,87.53
"344",344,4,2007,19,0.1582571,0.1622857,0.1830714,0.2322714,89.15,14.19,28.1,28.85,95.0371428571,75.8042857143
"345",345,11,2007,20,0.1701857,0.1714,0.162,0.2290714,45.23,25.7,28.1,28.74,91.8328571429,72.4457142857
"346",346,5,2007,21,0.3646143,0.2568286,0.3299,0.3496857,64.11,55.56,28.25,28.56,94.8528571429,78.5857142857
"347",347,8,2007,22,0.09005714,0.08222857,0.1110571,0.06474286,76.68,117.07,24.7,27.3,89.28,94.3485714286
"348",348,4,2007,23,0.2085,0.25695,0.2148833,0.2338571,39.11,55.47,26.5,28,91.72,96.5228571429
"349",349,3,2007,24,0.3420714,0.2853,0.3405571,0.3012286,54.78,150.33,26.6,27,91.4585714286,90.8585714286
"350",350,1,2007,25,0.1667,0.1207857,0.1729714,0.1659,78.83,93.14,25.9666666667,28.25,94.0657142857,93.5857142857
"351",351,2,2007,26,0.1534571,0.1744571,0.2022143,0.1292571,11.41,97.04,26.5666666667,27.2666666667,92.6714285714,95.82
"352",352,3,2007,27,0.1814429,0.2692286,0.1934571,0.2099429,1.59,98.94,25.9,27.85,78.0742857143,95.5271428571
"353",353,4,2007,28,0.3217667,0.2734,0.2545,0.3513,18.78,93.62,26.75,27.4,83.3871428571,94.7214285714
"354",354,1,2007,29,0.3075571,0.3397,0.3642429,0.3648429,26.29,157.86,26.5333333333,27.0333333333,94.2471428571,95.5257142857
"355",355,8,2007,30,0.3589714,0.4017571,0.2960857,0.4225,27.91,103.39,27.35,27.85,84.1557142857,93.47
"356",356,5,2007,31,0.4172286,0.3699286,0.3669714,0.4898714,70.88,89.15,24.25,28.1,82.5714285714,95.0371428571
"357",357,3,2007,32,0.2782429,0.2361286,0.2923,0.2669571,35.77,45.23,26.475,28.1,76.6185714286,91.8328571429
"358",358,2,2007,33,0.2666667,0.2719333,0.2438857,0.1964571,36.78,64.11,26.9,28.25,80.9357142857,94.8528571429
"359",359,7,2007,34,0.3393714,0.3569714,0.3291286,0.3687143,9.06,76.68,27.125,24.7,79.3342857143,89.28
"360",360,1,2007,35,0.2787857,0.2463571,0.2349857,0.3737429,30.26,39.11,27.05,26.5,67.7571428571,91.72
"361",361,6,2007,36,0.27955,0.2826857,0.3277143,0.3280571,76.28,54.78,26.3,26.6,92.6571428571,91.4585714286
"362",362,7,2007,37,0.2888167,0.2889571,0.2660714,0.3393,49.85,78.83,26.9,25.9666666667,84.4128571429,94.0657142857
"363",363,5,2007,38,0.3156571,0.3545,0.3326429,0.4172,58.22,11.41,27.2,26.5666666667,86.7071428571,92.6714285714
"364",364,2,2007,39,0.2309,0.2363429,0.2308857,0.3128,59.79,1.59,27.8333333333,25.9,78.5642857143,78.0742857143
"365",365,6,2007,40,0.3199714,0.2544167,0.3151,0.2934714,37.28,18.78,28.4,26.75,89.8442857143,83.3871428571
"366",366,11,2007,41,0.3851857,0.4050714,0.3106286,0.4381286,39.09,26.29,28.4,26.5333333333,80.45,94.2471428571
"367",367,6,2007,42,0.2251286,0.1505143,0.1959857,0.2383857,74.52,27.91,29,27.35,86.7057142857,84.1557142857
"368",368,3,2007,43,0.4034714,0.3202286,0.4087,0.4229,106.73,70.88,26.9,24.25,94.7814285714,82.5714285714
"369",369,11,2007,44,0.2657429,0.2856,0.2923143,0.2469143,51.28,35.77,27,26.475,95.5928571429,76.6185714286
"370",370,11,2007,45,0.3334571,0.3242571,0.2469,0.3311286,69.88,36.78,28.7,26.9,84.85,80.9357142857
"371",371,5,2007,46,0.1784286,0.12875,0.2167714,0.1853,109.5,9.06,27.675,27.125,93.5542857143,79.3342857143
"372",372,4,2007,47,0.2284714,0.1886571,0.2345571,0.1996714,52.27,30.26,26.62,27.05,96.2142857143,67.7571428571
"373",373,9,2007,48,0.16564,0.1793,0.1276,0.1819143,129.33,76.28,27.125,26.3,96.5228571429,92.6571428571
"374",374,23,2007,49,0.2993714,0.3367143,0.2615857,0.3498429,73.16,49.85,27.9,26.9,91.6542857143,84.4128571429
"375",375,28,2007,50,0.3138333,0.2335143,0.2426,0.2937429,83.39,58.22,28.85,27.2,86.7557142857,86.7071428571
"376",376,26,2007,51,0.2698,0.2756857,0.2755143,0.2367143,146.13,59.79,27.625,27.8333333333,96.0742857143,78.5642857143
"377",377,7,2007,52,0.1992,0.1947667,0.1711111,0.2308222,53.57,37.28,27.7,28.4,93.4685714286,89.8442857143
"378",378,29,2008,1,0.1914714,0.1554143,0.1760143,0.1872429,19.95,39.09,28.275,28.4,78.67,80.45
"379",379,58,2008,2,0.4449333,0.27585,0.3569,0.4697286,71.84,74.52,25.8,29,95.28,86.7057142857
"380",380,26,2008,3,0.1882286,0.2208286,0.2332429,0.1699714,95.97,106.73,27.4333333333,26.9,94.9685714286,94.7814285714
"381",381,38,2008,4,0.2779714,0.3249286,0.2219143,0.2956714,102.59,51.28,26.4774182995452,27,95.1257142857,95.5928571429
"382",382,35,2008,5,0.35195,0.3705714,0.3138,0.4029714,110,69.88,27.5666666667,28.7,93,84.85
"383",383,37,2008,6,0.2256429,0.17075,0.1981,0.1860714,38.72,109.5,27.8666666667,27.675,78.1314285714,93.5542857143
"384",384,20,2008,7,0.1739429,0.1989167,0.1684286,0.1734286,47.23,52.27,26.6,26.62,95.7071428571,96.2142857143
"385",385,29,2008,8,0.24095,0.2236,0.1620429,0.1874429,122.64,129.33,28,27.125,92.37,96.5228571429
"386",386,25,2008,9,0.3493143,0.2227286,0.2677286,0.3878714,101.33,73.16,26.85,27.9,96.9271428571,91.6542857143
"387",387,23,2008,10,0.1697429,0.1386667,0.1700571,0.2008429,210.83,83.39,27.18,28.85,88.9728571429,86.7557142857
"388",388,9,2008,11,0.1292429,0.1729571,0.1260286,0.1506571,96.05,146.13,26.25,27.625,89.2685714286,96.0742857143
"389",389,3,2008,12,0.2383333,0.2327286,0.1239429,0.2000714,91.87,53.57,26.6780756638041,27.7,93.4514285714,93.4685714286
"390",390,6,2008,13,0.3366,0.3042143,0.3229,0.3773143,62.13,19.95,26.9,28.275,94.0742857143,78.67
"391",391,6,2008,14,0.2700833,0.1902714,0.1906571,0.2151571,107,71.84,27.8666666667,25.8,90.9571428571,95.28
"392",392,3,2008,15,0.2843571,0.3536714,0.3217857,0.3028286,71.45,95.97,28.3,27.4333333333,95.1571428571,94.9685714286
"393",393,1,2008,16,0.3026143,0.2446714,0.2963143,0.3287571,79.74,102.59,26.8,26.4774182995452,92.1242857143,95.1257142857
"394",394,3,2008,17,0.2706,0.3713143,0.3442286,0.2830714,42.05,110,26.65,27.5666666667,97.9714285714,93
"395",395,1,2008,18,0.06172857,0.1339,0.09471429,0.1178429,42.12,38.72,27.8666666667,27.8666666667,93.6628571429,78.1314285714
"396",396,1,2008,19,0.1361571,0.1631571,0.1391571,0.1345571,50.5,47.23,26.6,26.6,93.1585714286,95.7071428571
"397",397,0,2008,20,0.1963857,0.29632,0.2641571,0.2255857,30.08,122.64,26.1666666667,28,91.5042857143,92.37
"398",398,2,2008,21,0.2210167,0.2353167,0.1804429,0.1994714,45.69,101.33,26.35,26.85,96.6214285714,96.9271428571
"399",399,1,2008,22,0.12245,0.1571,0.086,0.1033143,72.04,210.83,27.2,27.18,96.0257142857,88.9728571429
"400",400,1,2008,23,0.1951857,0.1577143,0.1844286,0.1336143,30.09,96.05,26.9,26.25,93.9828571429,89.2685714286
"401",401,0,2008,24,0.2937429,0.2643667,0.2466286,0.2919571,13.27,91.87,27.20238724939,26.6780756638041,88.81,93.4514285714
"402",402,0,2008,25,0.2240286,0.1754714,0.2656571,0.2452143,111.18,62.13,27.5656257375458,26.9,95.86,94.0742857143
"403",403,1,2008,26,0.1970429,0.2779833,0.2139429,0.2656143,89.88,107,27.2092085996405,27.8666666667,93.7957142857,90.9571428571
"404",404,0,2008,27,0.3048286,0.2336714,0.2489143,0.2558143,0,71.45,27.3139502528694,28.3,86.5242857143,95.1571428571
"405",405,3,2008,28,0.15385,0.1495857,0.3294429,0.1328857,0,79.74,27.3695470756893,26.8,85.6557142857,92.1242857143
"406",406,3,2008,29,0.2323857,0.2139571,0.2203,0.1984286,62.84,42.05,27.3695470756893,26.65,93.0557142857,97.9714285714
"407",407,1,2008,30,0.3270167,0.2091167,0.2837667,0.30955,52.36,42.12,26.6,27.8666666667,92.7771428571,93.6628571429
"408",408,5,2008,31,0.3548,0.34655,0.2674167,0.3921167,44.63,50.5,26.68,26.6,92.0485714286,93.1585714286
"409",409,2,2008,32,0.2002,0.2513857,0.2113429,0.1997286,32.45,30.08,27.4,26.1666666667,91.0928571429,91.5042857143
"410",410,5,2008,33,0.4303714,0.4330143,0.4369143,0.4657286,26.03,45.69,27.9,26.35,90.7271428571,96.6214285714
"411",411,5,2008,34,0.2833,0.3044714,0.2744571,0.3805,12.88,72.04,28,27.2,78.2771428571,96.0257142857
"412",412,5,2008,35,0.3181857,0.3197667,0.3081714,0.3236,58.2,30.09,27.8333333333,26.9,84.4914285714,93.9828571429
"413",413,9,2008,36,0.3398,0.3691,0.2888,0.3092333,34.59,13.27,27.35,27.20238724939,83.05,88.81
"414",414,17,2008,37,0.2319,0.27625,0.2612,0.2327833,86.14,111.18,27.9666666667,27.5656257375458,92.6528571429,95.86
"415",415,19,2008,38,0.2168,0.2773333,0.2089333,0.3362667,65.43,89.88,27.8,27.2092085996405,88.5257142857,93.7957142857
"416",416,25,2008,39,0.41495,0.3634286,0.3224,0.4006857,61.38,0,27.75,27.3139502528694,90.1814285714,86.5242857143
"417",417,45,2008,40,0.3930857,0.3782714,0.3437,0.4048429,24.28,0,27.5412042245144,27.3695470756893,79.5028571429,85.6557142857
"418",418,34,2008,41,0.1605571,0.1638714,0.1949333,0.2061143,69.47,62.84,30.0333333333,27.3695470756893,78.4542857143,93.0557142857
"419",419,63,2008,42,0.2882,0.2278571,0.2807571,0.3579714,69.39,52.36,26.45,26.6,88.8571428571,92.7771428571
"420",420,44,2008,43,0.3291571,0.2279,0.2733429,0.2568429,52.65,44.63,27.3333333333,26.68,93.8542857143,92.0485714286
"421",421,50,2008,44,0.1617429,0.1962,0.1982714,0.2196143,43.6,32.45,27.4,27.4,92.6085714286,91.0928571429
"422",422,35,2008,45,0.5010286,0.445,0.4276857,0.5457286,57.85,26.03,27.82,27.9,95.29,90.7271428571
"423",423,16,2008,46,0.3042857,0.2946429,0.3062714,0.4003857,60.36,12.88,28.3,28,88.3285714286,78.2771428571
"424",424,16,2008,47,0.1930571,0.1965286,0.1762571,0.1830571,59.44,58.2,27.9666666667,27.8333333333,94.1414285714,84.4914285714
"425",425,13,2008,48,0.2510143,0.2883143,0.2537,0.3213,81.11,34.59,26.1,27.35,95.26,83.05
"426",426,9,2008,49,0.1643667,0.19635,0.1731333,0.1549167,45.03,86.14,26.96,27.9666666667,94.64,92.6528571429
"427",427,15,2008,50,0.2894167,0.34778,0.2748286,0.2580857,64.03,65.43,27.8,27.8,88.5514285714,88.5257142857
"428",428,4,2008,51,0.1783857,0.2191714,0.2497286,0.1923,70.92,61.38,27.825,27.75,91.7771428571,90.1814285714
"429",429,0,2008,52,0.2634125,0.219875,0.2000875,0.226625,55.11,24.28,28.08,27.5412042245144,81.8685714286,79.5028571429
"430",430,1,2009,1,0.1512857,0.1616857,0.1532714,0.1194429,41.7418543268438,69.47,27.4468293765542,30.0333333333,94.2641306452507,78.4542857143
"431",431,10,2009,2,0.2299167,0.12234,0.2611667,0.22305,52.28,69.39,27.2666666667,26.45,95.2228571429,88.8571428571
"432",432,11,2009,3,0.1884857,0.1881857,0.2039143,0.2775,72.03,52.65,27.18,27.3333333333,98.61,93.8542857143
"433",433,29,2009,4,0.1884571,0.1993143,0.2027,0.2139286,76.16,43.6,27.5666666667,27.4,92.4671428571,92.6085714286
"434",434,35,2009,5,0.1667333,0.1737333,0.1904333,0.1617167,118.54,57.85,27.65,27.82,94.9285714286,95.29
"435",435,30,2009,6,0.2799143,0.2402857,0.1957286,0.3076571,149.06,60.36,27.4666666667,28.3,97.0071428571,88.3285714286
"436",436,20,2009,7,0.1702714,0.1511143,0.1404714,0.1429714,60.51,59.44,28.1,27.9666666667,94.2342857143,94.1414285714
"437",437,21,2009,8,0.1887857,0.1594571,0.1568714,0.2029857,124.8,81.11,27.7,26.1,92.9057142857,95.26
"438",438,12,2009,9,0.28236,0.3051167,0.2940833,0.3160167,147.44,45.03,26.58,26.96,95.1214285714,94.64
"439",439,9,2009,10,0.3620714,0.3367,0.3453,0.3792857,58.56,64.03,28.4,27.8,94.3785714286,88.5514285714
"440",440,11,2009,11,0.2034286,0.1784429,0.2259714,0.2018714,97.8,70.92,27.3,27.825,98.1342857143,91.7771428571
"441",441,9,2009,12,0.1578833,0.1921,0.2137286,0.2013857,106.68,55.11,27.8,28.08,95.7085714286,81.8685714286
"442",442,5,2009,13,0.2235857,0.2591333,0.2632857,0.3057857,100.78,41.7418543268438,28.5,27.4468293765542,94.9028571429,94.2641306452507
"443",443,11,2009,14,0.08905714,0.05895,0.08927143,0.09934286,131.17,52.28,27.95,27.2666666667,96.3957142857,95.2228571429
"444",444,3,2009,15,0.1468429,0.1416571,0.1411857,0.1487714,133.47,72.03,27.1333333333,27.18,89.6728571429,98.61
"445",445,5,2009,16,0.2236,0.1788286,0.175,0.2161429,99.77,76.16,26.9,27.5666666667,97.3,92.4671428571
"446",446,5,2009,17,0.1953429,0.2856714,0.1611857,0.2023857,52.74,118.54,26.8,27.65,96.6642857143,94.9285714286
"447",447,4,2009,18,0.2835857,0.3455143,0.2374429,0.3161286,99.89,149.06,27.15,27.4666666667,95.0785714286,97.0071428571
"448",448,4,2009,19,0.1907571,0.2645571,0.2538857,0.2192,30.73,60.51,28.1,28.1,95.1,94.2342857143
"449",449,1,2009,20,0.2077429,0.2278571,0.2542,0.2160429,38.51,124.8,28.075,27.7,93.2985714286,92.9057142857
"450",450,0,2009,21,0.3312143,0.2172,0.2093857,0.3445143,66.46,147.44,28.35,26.58,91.79,95.1214285714
"451",451,2,2009,22,0.2383429,0.1973167,0.1655,0.1901429,40.04,58.56,27.6,28.4,97.7428571429,94.3785714286
"452",452,3,2009,23,0.114,0.09244286,0.09747143,0.1262857,42.22,97.8,28.1,27.3,95.5071428571,98.1342857143
"453",453,3,2009,24,0.1871286,0.1578,0.1434571,0.1994714,8.74,106.68,24.6666666667,27.8,94.13,95.7085714286
"454",454,5,2009,25,0.2916714,0.3070286,0.3562286,0.3891143,43.32,100.78,27.05,28.5,93.9714285714,94.9028571429
"455",455,2,2009,26,0.2708,0.2051833,0.2401286,0.2001571,141.65,131.17,27.375,27.95,94.5557142857,96.3957142857
"456",456,1,2009,27,0.1868571,0.1769143,0.2230714,0.2189857,68.15,133.47,27.45,27.1333333333,94.5385714286,89.6728571429
"457",457,2,2009,28,0.3859143,0.2903833,0.3364286,0.2927857,91.4,99.77,27.6,26.9,95.3857142857,97.3
"458",458,0,2009,29,0.21965,0.37805,0.2238714,0.2659,65.19,52.74,26.825,26.8,94.6242857143,96.6642857143
"459",459,0,2009,30,0.2078833,0.28085,0.1756,0.2616,35.82,99.89,26.95,27.15,88.23,95.0785714286
"460",460,3,2009,31,0.1543571,0.1152714,0.1534571,0.1559,51.77,30.73,27,28.1,89.9714285714,95.1
"461",461,5,2009,32,0.395,0.3527333,0.4842857,0.4019143,9.79,38.51,27.975,28.075,87.8114285714,93.2985714286
"462",462,5,2009,33,0.3308857,0.4083,0.4433571,0.3347714,35.23,66.46,27.7,28.35,87.11,91.79
"463",463,7,2009,34,0.2206286,0.1943571,0.2785714,0.2604571,6.52,40.04,28.32,27.6,80.64,97.7428571429
"464",464,5,2009,35,0.2453429,0.1859857,0.1813429,0.2820571,95.83,42.22,29,28.1,88.1771428571,95.5071428571
"465",465,2,2009,36,0.5083571,0.4544286,0.5383143,0.5148286,83.02,8.74,27.6,24.6666666667,94.9928571429,94.13
"466",466,2,2009,37,0.1896167,0.192,0.2368143,0.2696857,13.74,43.32,29.1666666667,27.05,75.2328571429,93.9714285714
"467",467,2,2009,38,0.26632,0.3133667,0.1956571,0.3070714,40.17,141.65,28.85,27.375,78.1185714286,94.5557142857
"468",468,0,2009,39,0.2943143,0.2706714,0.3020714,0.2540143,78.68,68.15,28.8666666667,27.45,83.7628571429,94.5385714286
"469",469,2,2009,40,0.2063,0.2552571,0.2799571,0.2066571,57.18,91.4,27.95,27.6,91.5757142857,95.3857142857
"470",470,1,2009,41,0.2322714,0.2725,0.2715714,0.2853857,20.58,65.19,27.64,26.825,89.31,94.6242857143
"471",471,1,2009,42,0.2974143,0.2821714,0.2559286,0.3197857,30.49,35.82,27.75,26.95,79.2228571429,88.23
"472",472,2,2009,43,0.2968,0.3084857,0.3623,0.3616571,82.59,51.77,27.7333333333,27,90.6571428571,89.9714285714
"473",473,2,2009,44,0.2907571,0.23795,0.3176857,0.2616,77.38,9.79,27.8,27.975,93.8085714286,87.8114285714
"474",474,3,2009,45,0.3886714,0.3728167,0.2499,0.3730143,45.79,35.23,29.8666666667,27.7,90.3728571429,87.11
"475",475,9,2009,46,0.3688714,0.3799571,0.3800286,0.4679286,96.23,6.52,28.94,28.32,84.3114285714,80.64
"476",476,5,2009,47,0.40705,0.3351,0.3665,0.38935,29.72,95.83,28.9,29,80.7871428571,88.1771428571
"477",477,5,2009,48,0.3361143,0.2877667,0.3254571,0.3576,38.17,83.02,28.4333333333,27.6,89.5942857143,94.9928571429
"478",478,4,2009,49,0.3485286,0.2904,0.4106143,0.3704571,73.45,13.74,28.025,29.1666666667,91.7085714286,75.2328571429
"479",479,4,2009,50,0.1922,0.1935286,0.2398857,0.2858857,85.62,40.17,28.55,28.85,87.7528571429,78.1185714286
"480",480,1,2009,51,0.2176,0.2403,0.1817714,0.2623,81.21,78.68,28.2,28.8666666667,92.9585714286,83.7628571429
"481",481,0,2009,52,0.2104222,0.2571375,0.2211333,0.3002556,98.79,57.18,27.2,27.95,96.8857142857,91.5757142857
"482",482,0,2010,53,0.238686929549763,0.205183517951455,0.204324213597896,0.208648257188264,40.0844874191401,20.58,27.5656257375458,27.64,94.9378554662826,89.31
"483",483,10,2010,1,0.1245714,0.1791286,0.1638429,0.1354714,27.04,30.49,28.6,27.75,78.2714285714,79.2228571429
"484",484,9,2010,2,0.1452857,0.1423143,0.1353,0.1675286,32.99,82.59,27.8333333333,27.7333333333,89.8071428571,90.6571428571
"485",485,17,2010,3,0.2521143,0.2304857,0.1873286,0.3027857,19.04,77.38,28.9666666667,27.8,87.6414285714,93.8085714286
"486",486,16,2010,4,0.2632714,0.2306,0.2188714,0.2612857,138.51,45.79,27.8,29.8666666667,91.7985714286,90.3728571429
"487",487,11,2010,5,0.1701,0.1421167,0.1179143,0.1393429,47.31,96.23,27.8,28.94,90.6485714286,84.3114285714
"488",488,12,2010,6,0.2307571,0.1892571,0.1634857,0.2388714,78.25,29.72,27,28.9,96.5157142857,80.7871428571
"489",489,19,2010,7,0.2933,0.2478286,0.2066286,0.2666714,32.19,38.17,27.3,28.4333333333,88.3657142857,89.5942857143
"490",490,15,2010,8,0.3036571,0.2600571,0.2254857,0.3333143,84.67,73.45,28.02,28.025,94.9157142857,91.7085714286
"491",491,12,2010,9,0.1273167,0.18116,0.1204667,0.1427667,80.58,85.62,28.5,28.55,97.7,87.7528571429
"492",492,12,2010,10,0.3117286,0.2926857,0.2725857,0.3948,57.78,81.21,28.55,28.2,96.25,92.9585714286
"493",493,16,2010,11,0.2946,0.2509714,0.2814714,0.3416429,121.2,98.79,30,27.2,96.1242857143,96.8857142857
"494",494,9,2010,12,0.2662857,0.3012333,0.296,0.2957429,51.29,27.04,27.4666666667,28.6,93.0828571429,78.2714285714
"495",495,4,2010,13,0.1414333,0.2047286,0.2509714,0.1452429,49.8,32.99,27.9333333333,27.8333333333,88.7071428571,89.8071428571
"496",496,9,2010,14,0.2428429,0.2727571,0.2022714,0.2601143,93.76,19.04,29.2,28.9666666667,95.1828571429,87.6414285714
"497",497,6,2010,15,0.1576857,0.1566143,0.1840143,0.1358857,17.33,138.51,27.15,27.8,93.6557142857,91.7985714286
"498",498,8,2010,16,0.2314857,0.2946857,0.3316571,0.2444,86.7,47.31,27.85,27.8,95.9957142857,90.6485714286
"499",499,4,2010,17,0.2397429,0.2592714,0.3077857,0.3079429,26,78.25,28.85,27,87.6571428571,96.5157142857
"500",500,2,2010,18,0.2608143,0.2557857,0.2577714,0.3402857,73.97,32.19,27.6,27.3,96.7128571429,88.3657142857
"501",501,7,2010,19,0.1686857,0.1585,0.1330714,0.1456,59.4,84.67,27.4,28.02,97.4457142857,94.9157142857
"502",502,6,2010,20,0.2630714,0.2725,0.2582714,0.2445,1.15,80.58,25.6333333333,28.5,78.9985714286,97.7
"503",503,5,2010,21,0.34275,0.3189,0.2563429,0.2925143,55.3,57.78,28.6333333333,28.55,88.7657142857,96.25
"504",504,8,2010,22,0.1601571,0.1603714,0.1360429,0.2256571,86.47,121.2,27.4333333333,30,91.6,96.1242857143
"505",505,1,2010,23,0.2470571,0.1460571,0.2503571,0.2337143,58.94,51.29,24.4,27.4666666667,94.28,93.0828571429
"506",506,1,2010,24,0.3339143,0.2457714,0.2788857,0.3254857,59.67,49.8,25.4333333333,27.9333333333,94.66,88.7071428571
"507",507,4,2010,25,0.2981857,0.2329714,0.2742143,0.3157571,63.22,93.76,27.475,29.2,89.0828571429,95.1828571429
